<?xml version="1.0"?>
<WLANProfile xmlns="http://www.microsoft.com/networking/WLAN/profile/v1">
	<name>UNNet</name>
	<SSIDConfig>
		<SSID>
			<hex>554E4E6574</hex>
			<name>UNNet</name>
		</SSID>
	</SSIDConfig>
	<connectionType>ESS</connectionType>
	<connectionMode>auto</connectionMode>
	<MSM>
		<security>
			<authEncryption>
				<authentication>WPA2</authentication>
				<encryption>AES</encryption>
				<useOneX>true</useOneX>
			</authEncryption>
			<PMKCacheMode>enabled</PMKCacheMode>
			<PMKCacheTTL>720</PMKCacheTTL>
			<PMKCacheSize>128</PMKCacheSize>
			<preAuthMode>disabled</preAuthMode>
			<OneX xmlns="http://www.microsoft.com/networking/OneX/v1">
				<authMode>machineOrUser</authMode>
				<EAPConfig><EapHostConfig xmlns="http://www.microsoft.com/provisioning/EapHostConfig"><EapMethod><Type xmlns="http://www.microsoft.com/provisioning/EapCommon">25</Type><VendorId xmlns="http://www.microsoft.com/provisioning/EapCommon">0</VendorId><VendorType xmlns="http://www.microsoft.com/provisioning/EapCommon">0</VendorType><AuthorId xmlns="http://www.microsoft.com/provisioning/EapCommon">0</AuthorId></EapMethod><Config xmlns="http://www.microsoft.com/provisioning/EapHostConfig"><Eap xmlns="http://www.microsoft.com/provisioning/BaseEapConnectionPropertiesV1"><Type>25</Type><EapType xmlns="http://www.microsoft.com/provisioning/MsPeapConnectionPropertiesV1"><ServerValidation><DisableUserPromptForServerValidation>false</DisableUserPromptForServerValidation><ServerNames>wira;wira2;wira3;wira.unn.global;wira2.unn.global;wira.unn.global</ServerNames><TrustedRootCA>8a a9 7d 18 87 9b 75 a0 46 ad a2 f0 40 db f2 11 38 05 80 09 </TrustedRootCA></ServerValidation><FastReconnect>true</FastReconnect><InnerEapOptional>false</InnerEapOptional><Eap xmlns="http://www.microsoft.com/provisioning/BaseEapConnectionPropertiesV1"><Type>26</Type><EapType xmlns="http://www.microsoft.com/provisioning/MsChapV2ConnectionPropertiesV1"><UseWinLogonCredentials>false</UseWinLogonCredentials></EapType></Eap><EnableQuarantineChecks>false</EnableQuarantineChecks><RequireCryptoBinding>false</RequireCryptoBinding><PeapExtensions><PerformServerValidation xmlns="http://www.microsoft.com/provisioning/MsPeapConnectionPropertiesV2">true</PerformServerValidation><AcceptServerName xmlns="http://www.microsoft.com/provisioning/MsPeapConnectionPropertiesV2">true</AcceptServerName></PeapExtensions></EapType></Eap></Config></EapHostConfig></EAPConfig>
			</OneX>
		</security>
	</MSM>
</WLANProfile>
